1Jahr,5Jahr
1.7316251692855331,1.7327350695264268
